port1,2022-11-13,-F:4c01d8a1-1c97-4bd2-9712-8e7103634c5e
Joe,2022-11-13,-F:cb9eeef1-ba91-4827-92a3-f9cc85add244
Port2022-11-14,2022-11-14,-F:8ad78e6a-78ed-4b38-842d-88ee6608519a
port4,2022-11-14,-F:43403c98-5a6d-48eb-ad48-3a6ea9a958dd
testing123,2022-11-14,-F:eed36b6c-14b6-4160-bd03-724eb171b3eb
port3,2022-11-14,-F:ca10fb9d-8715-4675-b762-001bee9f4734
port2,2022-11-14,-F:a673e094-1b0f-4b29-b9dd-8b93cd2ad973
testing1234,2022-11-14,-F:cb324292-bcac-4fdb-b46e-ef19a03fb10c
testing12345,2022-11-14,-F:2be7d11f-41b3-426b-b77e-681624cfbf60
esting12345,2022-11-14,-F:bb654951-d480-4b92-8a49-1f4494ef64c9
eting12345,2022-11-14,-F:9bbbb444-7c69-41bc-96e7-e0c16f1205e5
etisng12345,2022-11-14,-F:a471ce37-ff7a-417d-bdcb-07a2a3c69104
etis4ng12345,2022-11-14,-F:679762fa-035e-4490-9cb8-3089575b682e
etis4ng12345,2022-11-14,-F:433e998e-fe75-4b12-b6a5-38434dff8046
etis4ng124345,2022-11-14,-F:f581502d-b2b9-44a2-8034-e5950102d38c
etis4ng3124345,2022-11-14,-F:2fd53c2e-7871-4f82-b04a-56d56e0dd7ad
etis4ng3124345,2022-11-14,-F:fadf5f6b-1e66-4cb4-83bf-a9dea12b61a8
bleepblop,2022-11-14,-F:e36c021e-f807-4057-be40-1c934833fcd5
bleeepblop,2022-11-14,-F:b6c618d3-e3dd-4f12-a959-7a4d0ab563dd
